"grid","col_num","row_num","base_h","base_c","base_l","h_values","c_values","l_values","hex_color"
1,1,8,0,22.5,59.4217102201611,0,22.5,76,"#D8B2B9"
1,2,8,0,22.5,59.4217102201611,10.7990804918462,24.2610578160854,76,"#D9B2B3"
1,3,8,0,22.5,59.4217102201611,19.8648940584445,26.7548059077959,76,"#DAB2AD"
1,4,8,0,22.5,59.4217102201611,27.2357239203905,29.7978545943356,76,"#DBB2A7"
1,5,8,0,22.5,59.4217102201611,33.1627607686381,33.2396814686821,76,"#DCB2A1"
1,6,8,0,22.5,59.4217102201611,37.9370848345265,36.9690748640899,76,"#DEB39B"
1,7,8,0,22.5,59.4217102201611,41.8149717737004,40.9074608711769,76,"#DFB394"
1,8,8,0,22.5,59.4217102201611,45,45,76,"#E0B38E"
1,1,7,0,22.5,59.4217102201611,0,22.5,71.2633457771889,"#CBA5AC"
1,2,7,0,22.5,59.4217102201611,10.7990804918462,24.2610578160854,71.2633457771889,"#CCA5A6"
1,3,7,0,22.5,59.4217102201611,19.8648940584445,26.7548059077959,71.2633457771889,"#CDA5A0"
1,4,7,0,22.5,59.4217102201611,27.2357239203905,29.7978545943356,71.2633457771889,"#CEA59A"
1,5,7,0,22.5,59.4217102201611,33.1627607686381,33.2396814686821,71.2633457771889,"#CFA694"
1,6,7,0,22.5,59.4217102201611,37.9370848345265,36.9690748640899,71.2633457771889,"#D0A68E"
1,7,7,0,22.5,59.4217102201611,41.8149717737004,40.9074608711769,71.2633457771889,"#D1A687"
1,8,7,0,22.5,59.4217102201611,45,45,71.2633457771889,"#D2A680"
1,1,6,0,22.5,59.4217102201611,0,22.5,66.5266915543778,"#BE989F"
1,2,6,0,22.5,59.4217102201611,10.7990804918462,24.2610578160854,66.5266915543778,"#BF9999"
1,3,6,0,22.5,59.4217102201611,19.8648940584445,26.7548059077959,66.5266915543778,"#C09994"
1,4,6,0,22.5,59.4217102201611,27.2357239203905,29.7978545943356,66.5266915543778,"#C1998E"
1,5,6,0,22.5,59.4217102201611,33.1627607686381,33.2396814686821,66.5266915543778,"#C29987"
1,6,6,0,22.5,59.4217102201611,37.9370848345265,36.9690748640899,66.5266915543778,"#C39981"
1,7,6,0,22.5,59.4217102201611,41.8149717737004,40.9074608711769,66.5266915543778,"#C4997A"
1,8,6,0,22.5,59.4217102201611,45,45,66.5266915543778,"#C59973"
1,1,5,0,22.5,59.4217102201611,0,22.5,61.7900373315667,"#B18C92"
1,2,5,0,22.5,59.4217102201611,10.7990804918462,24.2610578160854,61.7900373315667,"#B28C8D"
1,3,5,0,22.5,59.4217102201611,19.8648940584445,26.7548059077959,61.7900373315667,"#B38C87"
1,4,5,0,22.5,59.4217102201611,27.2357239203905,29.7978545943356,61.7900373315667,"#B48C81"
1,5,5,0,22.5,59.4217102201611,33.1627607686381,33.2396814686821,61.7900373315667,"#B58C7B"
1,6,5,0,22.5,59.4217102201611,37.9370848345265,36.9690748640899,61.7900373315667,"#B68D74"
1,7,5,0,22.5,59.4217102201611,41.8149717737004,40.9074608711769,61.7900373315667,"#B78D6D"
1,8,5,0,22.5,59.4217102201611,45,45,61.7900373315667,"#B88D66"
1,1,4,0,22.5,59.4217102201611,0,22.5,57.0533831087556,"#A57F86"
1,2,4,0,22.5,59.4217102201611,10.7990804918462,24.2610578160854,57.0533831087556,"#A68080"
1,3,4,0,22.5,59.4217102201611,19.8648940584445,26.7548059077959,57.0533831087556,"#A7807B"
1,4,4,0,22.5,59.4217102201611,27.2357239203905,29.7978545943356,57.0533831087556,"#A88075"
1,5,4,0,22.5,59.4217102201611,33.1627607686381,33.2396814686821,57.0533831087556,"#A9806E"
1,6,4,0,22.5,59.4217102201611,37.9370848345265,36.9690748640899,57.0533831087556,"#AA8068"
1,7,4,0,22.5,59.4217102201611,41.8149717737004,40.9074608711769,57.0533831087556,"#AB8060"
1,8,4,0,22.5,59.4217102201611,45,45,57.0533831087556,"#AB8059"
1,1,3,0,22.5,59.4217102201611,0,22.5,52.3167288859445,"#98737A"
1,2,3,0,22.5,59.4217102201611,10.7990804918462,24.2610578160854,52.3167288859445,"#997374"
1,3,3,0,22.5,59.4217102201611,19.8648940584445,26.7548059077959,52.3167288859445,"#9A746E"
1,4,3,0,22.5,59.4217102201611,27.2357239203905,29.7978545943356,52.3167288859445,"#9B7468"
1,5,3,0,22.5,59.4217102201611,33.1627607686381,33.2396814686821,52.3167288859445,"#9C7462"
1,6,3,0,22.5,59.4217102201611,37.9370848345265,36.9690748640899,52.3167288859445,"#9D745B"
1,7,3,0,22.5,59.4217102201611,41.8149717737004,40.9074608711769,52.3167288859445,"#9E7454"
1,8,3,0,22.5,59.4217102201611,45,45,52.3167288859445,"#9F744C"
1,1,2,0,22.5,59.4217102201611,0,22.5,47.5800746631333,"#8C676E"
1,2,2,0,22.5,59.4217102201611,10.7990804918462,24.2610578160854,47.5800746631333,"#8D6768"
1,3,2,0,22.5,59.4217102201611,19.8648940584445,26.7548059077959,47.5800746631333,"#8E6862"
1,4,2,0,22.5,59.4217102201611,27.2357239203905,29.7978545943356,47.5800746631333,"#8F685C"
1,5,2,0,22.5,59.4217102201611,33.1627607686381,33.2396814686821,47.5800746631333,"#906855"
1,6,2,0,22.5,59.4217102201611,37.9370848345265,36.9690748640899,47.5800746631333,"#91684E"
1,7,2,0,22.5,59.4217102201611,41.8149717737004,40.9074608711769,47.5800746631333,"#926847"
1,8,2,0,22.5,59.4217102201611,45,45,47.5800746631333,"#92683E"
1,1,1,0,22.5,59.4217102201611,0,22.5,42.8434204403222,"#805B62"
1,2,1,0,22.5,59.4217102201611,10.7990804918462,24.2610578160854,42.8434204403222,"#815C5C"
1,3,1,0,22.5,59.4217102201611,19.8648940584445,26.7548059077959,42.8434204403222,"#825C56"
1,4,1,0,22.5,59.4217102201611,27.2357239203905,29.7978545943356,42.8434204403222,"#835C50"
1,5,1,0,22.5,59.4217102201611,33.1627607686381,33.2396814686821,42.8434204403222,"#845C49"
1,6,1,0,22.5,59.4217102201611,37.9370848345265,36.9690748640899,42.8434204403222,"#855C42"
1,7,1,0,22.5,59.4217102201611,41.8149717737004,40.9074608711769,42.8434204403222,"#855C39"
1,8,1,0,22.5,59.4217102201611,45,45,42.8434204403222,"#865D2F"
2,1,8,30,22.5,65.4217102201611,30,22.5,82,"#E4C5BC"
2,2,8,30,22.5,65.4217102201611,40.7990804918462,24.2610578160854,82,"#E3C6B6"
2,3,8,30,22.5,65.4217102201611,49.8648940584445,26.7548059077959,82,"#E1C8B0"
2,4,8,30,22.5,65.4217102201611,57.2357239203905,29.7978545943356,82,"#E0C9AA"
2,5,8,30,22.5,65.4217102201611,63.1627607686381,33.2396814686821,82,"#DECAA4"
2,6,8,30,22.5,65.4217102201611,67.9370848345265,36.9690748640899,82,"#DDCB9E"
2,7,8,30,22.5,65.4217102201611,71.8149717737004,40.9074608711769,82,"#DBCB97"
2,8,8,30,22.5,65.4217102201611,75,45,82,"#DACC90"
2,1,7,30,22.5,65.4217102201611,30,22.5,77.2633457771889,"#D7B8AF"
2,2,7,30,22.5,65.4217102201611,40.7990804918462,24.2610578160854,77.2633457771889,"#D6B9A9"
2,3,7,30,22.5,65.4217102201611,49.8648940584445,26.7548059077959,77.2633457771889,"#D4BAA3"
2,4,7,30,22.5,65.4217102201611,57.2357239203905,29.7978545943356,77.2633457771889,"#D3BB9D"
2,5,7,30,22.5,65.4217102201611,63.1627607686381,33.2396814686821,77.2633457771889,"#D1BC97"
2,6,7,30,22.5,65.4217102201611,67.9370848345265,36.9690748640899,77.2633457771889,"#D0BD91"
2,7,7,30,22.5,65.4217102201611,71.8149717737004,40.9074608711769,77.2633457771889,"#CEBE8A"
2,8,7,30,22.5,65.4217102201611,75,45,77.2633457771889,"#CDBF83"
2,1,6,30,22.5,65.4217102201611,30,22.5,72.5266915543778,"#CAABA2"
2,2,6,30,22.5,65.4217102201611,40.7990804918462,24.2610578160854,72.5266915543778,"#C8AD9C"
2,3,6,30,22.5,65.4217102201611,49.8648940584445,26.7548059077959,72.5266915543778,"#C7AE96"
2,4,6,30,22.5,65.4217102201611,57.2357239203905,29.7978545943356,72.5266915543778,"#C5AF90"
2,5,6,30,22.5,65.4217102201611,63.1627607686381,33.2396814686821,72.5266915543778,"#C4B08A"
2,6,6,30,22.5,65.4217102201611,67.9370848345265,36.9690748640899,72.5266915543778,"#C2B183"
2,7,6,30,22.5,65.4217102201611,71.8149717737004,40.9074608711769,72.5266915543778,"#C1B17C"
2,8,6,30,22.5,65.4217102201611,75,45,72.5266915543778,"#C0B275"
2,1,5,30,22.5,65.4217102201611,30,22.5,67.7900373315667,"#BD9F95"
2,2,5,30,22.5,65.4217102201611,40.7990804918462,24.2610578160854,67.7900373315667,"#BCA08F"
2,3,5,30,22.5,65.4217102201611,49.8648940584445,26.7548059077959,67.7900373315667,"#BAA189"
2,4,5,30,22.5,65.4217102201611,57.2357239203905,29.7978545943356,67.7900373315667,"#B9A283"
2,5,5,30,22.5,65.4217102201611,63.1627607686381,33.2396814686821,67.7900373315667,"#B7A37D"
2,6,5,30,22.5,65.4217102201611,67.9370848345265,36.9690748640899,67.7900373315667,"#B6A476"
2,7,5,30,22.5,65.4217102201611,71.8149717737004,40.9074608711769,67.7900373315667,"#B4A56F"
2,8,5,30,22.5,65.4217102201611,75,45,67.7900373315667,"#B3A668"
2,1,4,30,22.5,65.4217102201611,30,22.5,63.0533831087556,"#B09288"
2,2,4,30,22.5,65.4217102201611,40.7990804918462,24.2610578160854,63.0533831087556,"#AF9383"
2,3,4,30,22.5,65.4217102201611,49.8648940584445,26.7548059077959,63.0533831087556,"#AD947D"
2,4,4,30,22.5,65.4217102201611,57.2357239203905,29.7978545943356,63.0533831087556,"#AC9576"
2,5,4,30,22.5,65.4217102201611,63.1627607686381,33.2396814686821,63.0533831087556,"#AA9670"
2,6,4,30,22.5,65.4217102201611,67.9370848345265,36.9690748640899,63.0533831087556,"#A99769"
2,7,4,30,22.5,65.4217102201611,71.8149717737004,40.9074608711769,63.0533831087556,"#A79862"
2,8,4,30,22.5,65.4217102201611,75,45,63.0533831087556,"#A6995A"
2,1,3,30,22.5,65.4217102201611,30,22.5,58.3167288859444,"#A4867C"
2,2,3,30,22.5,65.4217102201611,40.7990804918462,24.2610578160854,58.3167288859444,"#A28776"
2,3,3,30,22.5,65.4217102201611,49.8648940584445,26.7548059077959,58.3167288859444,"#A18870"
2,4,3,30,22.5,65.4217102201611,57.2357239203905,29.7978545943356,58.3167288859444,"#9F896A"
2,5,3,30,22.5,65.4217102201611,63.1627607686381,33.2396814686821,58.3167288859444,"#9E8A63"
2,6,3,30,22.5,65.4217102201611,67.9370848345265,36.9690748640899,58.3167288859444,"#9C8B5C"
2,7,3,30,22.5,65.4217102201611,71.8149717737004,40.9074608711769,58.3167288859444,"#9B8C54"
2,8,3,30,22.5,65.4217102201611,75,45,58.3167288859444,"#998D4C"
2,1,2,30,22.5,65.4217102201611,30,22.5,53.5800746631333,"#977A70"
2,2,2,30,22.5,65.4217102201611,40.7990804918462,24.2610578160854,53.5800746631333,"#967B6A"
2,3,2,30,22.5,65.4217102201611,49.8648940584445,26.7548059077959,53.5800746631333,"#947C63"
2,4,2,30,22.5,65.4217102201611,57.2357239203905,29.7978545943356,53.5800746631333,"#937D5D"
2,5,2,30,22.5,65.4217102201611,63.1627607686381,33.2396814686821,53.5800746631333,"#917E56"
2,6,2,30,22.5,65.4217102201611,67.9370848345265,36.9690748640899,53.5800746631333,"#907F4E"
2,7,2,30,22.5,65.4217102201611,71.8149717737004,40.9074608711769,53.5800746631333,"#8F8046"
2,8,2,30,22.5,65.4217102201611,75,45,53.5800746631333,"#8D813D"
2,1,1,30,22.5,65.4217102201611,30,22.5,48.8434204403222,"#8B6E63"
2,2,1,30,22.5,65.4217102201611,40.7990804918462,24.2610578160854,48.8434204403222,"#8A6F5D"
2,3,1,30,22.5,65.4217102201611,49.8648940584445,26.7548059077959,48.8434204403222,"#887057"
2,4,1,30,22.5,65.4217102201611,57.2357239203905,29.7978545943356,48.8434204403222,"#877150"
2,5,1,30,22.5,65.4217102201611,63.1627607686381,33.2396814686821,48.8434204403222,"#857249"
2,6,1,30,22.5,65.4217102201611,67.9370848345265,36.9690748640899,48.8434204403222,"#847341"
2,7,1,30,22.5,65.4217102201611,71.8149717737004,40.9074608711769,48.8434204403222,"#827438"
2,8,1,30,22.5,65.4217102201611,75,45,48.8434204403222,"#81752D"
3,1,8,60,22.5,65.4217102201611,60,22.5,82,"#DACAB2"
3,2,8,60,22.5,65.4217102201611,70.7990804918462,24.2610578160854,82,"#D6CBAE"
3,3,8,60,22.5,65.4217102201611,79.8648940584445,26.7548059077959,82,"#D2CDAA"
3,4,8,60,22.5,65.4217102201611,87.2357239203905,29.7978545943356,82,"#CECFA6"
3,5,8,60,22.5,65.4217102201611,93.1627607686381,33.2396814686821,82,"#C9D0A2"
3,6,8,60,22.5,65.4217102201611,97.9370848345265,36.9690748640899,82,"#C5D29D"
3,7,8,60,22.5,65.4217102201611,101.8149717737,40.9074608711769,82,"#C0D399"
3,8,8,60,22.5,65.4217102201611,105,45,82,"#BCD594"
3,1,7,60,22.5,65.4217102201611,60,22.5,77.2633457771889,"#CDBDA5"
3,2,7,60,22.5,65.4217102201611,70.7990804918462,24.2610578160854,77.2633457771889,"#C9BEA1"
3,3,7,60,22.5,65.4217102201611,79.8648940584445,26.7548059077959,77.2633457771889,"#C5C09D"
3,4,7,60,22.5,65.4217102201611,87.2357239203905,29.7978545943356,77.2633457771889,"#C0C299"
3,5,7,60,22.5,65.4217102201611,93.1627607686381,33.2396814686821,77.2633457771889,"#BCC395"
3,6,7,60,22.5,65.4217102201611,97.9370848345265,36.9690748640899,77.2633457771889,"#B8C590"
3,7,7,60,22.5,65.4217102201611,101.8149717737,40.9074608711769,77.2633457771889,"#B3C68C"
3,8,7,60,22.5,65.4217102201611,105,45,77.2633457771889,"#AFC887"
3,1,6,60,22.5,65.4217102201611,60,22.5,72.5266915543778,"#C0B098"
3,2,6,60,22.5,65.4217102201611,70.7990804918462,24.2610578160854,72.5266915543778,"#BCB194"
3,3,6,60,22.5,65.4217102201611,79.8648940584445,26.7548059077959,72.5266915543778,"#B8B390"
3,4,6,60,22.5,65.4217102201611,87.2357239203905,29.7978545943356,72.5266915543778,"#B4B58C"
3,5,6,60,22.5,65.4217102201611,93.1627607686381,33.2396814686821,72.5266915543778,"#AFB687"
3,6,6,60,22.5,65.4217102201611,97.9370848345265,36.9690748640899,72.5266915543778,"#ABB883"
3,7,6,60,22.5,65.4217102201611,101.8149717737,40.9074608711769,72.5266915543778,"#A6B97E"
3,8,6,60,22.5,65.4217102201611,105,45,72.5266915543778,"#A2BB7A"
3,1,5,60,22.5,65.4217102201611,60,22.5,67.7900373315667,"#B3A38B"
3,2,5,60,22.5,65.4217102201611,70.7990804918462,24.2610578160854,67.7900373315667,"#AFA587"
3,3,5,60,22.5,65.4217102201611,79.8648940584445,26.7548059077959,67.7900373315667,"#ABA683"
3,4,5,60,22.5,65.4217102201611,87.2357239203905,29.7978545943356,67.7900373315667,"#A7A87F"
3,5,5,60,22.5,65.4217102201611,93.1627607686381,33.2396814686821,67.7900373315667,"#A2A97A"
3,6,5,60,22.5,65.4217102201611,97.9370848345265,36.9690748640899,67.7900373315667,"#9EAB76"
3,7,5,60,22.5,65.4217102201611,101.8149717737,40.9074608711769,67.7900373315667,"#9AAC71"
3,8,5,60,22.5,65.4217102201611,105,45,67.7900373315667,"#95AE6C"
3,1,4,60,22.5,65.4217102201611,60,22.5,63.0533831087556,"#A6967F"
3,2,4,60,22.5,65.4217102201611,70.7990804918462,24.2610578160854,63.0533831087556,"#A2987B"
3,3,4,60,22.5,65.4217102201611,79.8648940584445,26.7548059077959,63.0533831087556,"#9E9A76"
3,4,4,60,22.5,65.4217102201611,87.2357239203905,29.7978545943356,63.0533831087556,"#9A9B72"
3,5,4,60,22.5,65.4217102201611,93.1627607686381,33.2396814686821,63.0533831087556,"#969D6D"
3,6,4,60,22.5,65.4217102201611,97.9370848345265,36.9690748640899,63.0533831087556,"#929E69"
3,7,4,60,22.5,65.4217102201611,101.8149717737,40.9074608711769,63.0533831087556,"#8DA064"
3,8,4,60,22.5,65.4217102201611,105,45,63.0533831087556,"#89A15F"
3,1,3,60,22.5,65.4217102201611,60,22.5,58.3167288859444,"#9A8A72"
3,2,3,60,22.5,65.4217102201611,70.7990804918462,24.2610578160854,58.3167288859444,"#968C6E"
3,3,3,60,22.5,65.4217102201611,79.8648940584445,26.7548059077959,58.3167288859444,"#928D6A"
3,4,3,60,22.5,65.4217102201611,87.2357239203905,29.7978545943356,58.3167288859444,"#8E8F65"
3,5,3,60,22.5,65.4217102201611,93.1627607686381,33.2396814686821,58.3167288859444,"#8A9060"
3,6,3,60,22.5,65.4217102201611,97.9370848345265,36.9690748640899,58.3167288859444,"#85925B"
3,7,3,60,22.5,65.4217102201611,101.8149717737,40.9074608711769,58.3167288859444,"#819356"
3,8,3,60,22.5,65.4217102201611,105,45,58.3167288859444,"#7C9551"
3,1,2,60,22.5,65.4217102201611,60,22.5,53.5800746631333,"#8E7E66"
3,2,2,60,22.5,65.4217102201611,70.7990804918462,24.2610578160854,53.5800746631333,"#8A8061"
3,3,2,60,22.5,65.4217102201611,79.8648940584445,26.7548059077959,53.5800746631333,"#86815D"
3,4,2,60,22.5,65.4217102201611,87.2357239203905,29.7978545943356,53.5800746631333,"#828358"
3,5,2,60,22.5,65.4217102201611,93.1627607686381,33.2396814686821,53.5800746631333,"#7D8453"
3,6,2,60,22.5,65.4217102201611,97.9370848345265,36.9690748640899,53.5800746631333,"#79864E"
3,7,2,60,22.5,65.4217102201611,101.8149717737,40.9074608711769,53.5800746631333,"#758749"
3,8,2,60,22.5,65.4217102201611,105,45,53.5800746631333,"#708843"
3,1,1,60,22.5,65.4217102201611,60,22.5,48.8434204403222,"#827259"
3,2,1,60,22.5,65.4217102201611,70.7990804918462,24.2610578160854,48.8434204403222,"#7E7455"
3,3,1,60,22.5,65.4217102201611,79.8648940584445,26.7548059077959,48.8434204403222,"#7A7550"
3,4,1,60,22.5,65.4217102201611,87.2357239203905,29.7978545943356,48.8434204403222,"#76774B"
3,5,1,60,22.5,65.4217102201611,93.1627607686381,33.2396814686821,48.8434204403222,"#717846"
3,6,1,60,22.5,65.4217102201611,97.9370848345265,36.9690748640899,48.8434204403222,"#6D7A41"
3,7,1,60,22.5,65.4217102201611,101.8149717737,40.9074608711769,48.8434204403222,"#697B3B"
3,8,1,60,22.5,65.4217102201611,105,45,48.8434204403222,"#647C34"
4,1,8,90,22.5,64.4217102201611,90,22.5,81,"#C9CCAD"
4,2,8,90,22.5,64.4217102201611,100.799080491846,24.2610578160854,81,"#C3CEAC"
4,3,8,90,22.5,64.4217102201611,109.864894058444,26.7548059077959,81,"#BCCFAB"
4,4,8,90,22.5,64.4217102201611,117.23572392039,29.7978545943356,81,"#B6D1AA"
4,5,8,90,22.5,64.4217102201611,123.162760768638,33.2396814686821,81,"#AFD3A9"
4,6,8,90,22.5,64.4217102201611,127.937084834527,36.9690748640899,81,"#A7D5A8"
4,7,8,90,22.5,64.4217102201611,131.8149717737,40.9074608711769,81,"#A0D6A7"
4,8,8,90,22.5,64.4217102201611,135,45,81,"#97D8A5"
4,1,7,90,22.5,64.4217102201611,90,22.5,76.2633457771889,"#BCBFA0"
4,2,7,90,22.5,64.4217102201611,100.799080491846,24.2610578160854,76.2633457771889,"#B6C09F"
4,3,7,90,22.5,64.4217102201611,109.864894058444,26.7548059077959,76.2633457771889,"#AFC29E"
4,4,7,90,22.5,64.4217102201611,117.23572392039,29.7978545943356,76.2633457771889,"#A9C49D"
4,5,7,90,22.5,64.4217102201611,123.162760768638,33.2396814686821,76.2633457771889,"#A2C69C"
4,6,7,90,22.5,64.4217102201611,127.937084834527,36.9690748640899,76.2633457771889,"#9AC79B"
4,7,7,90,22.5,64.4217102201611,131.8149717737,40.9074608711769,76.2633457771889,"#92C999"
4,8,7,90,22.5,64.4217102201611,135,45,76.2633457771889,"#8ACB98"
4,1,6,90,22.5,64.4217102201611,90,22.5,71.5266915543778,"#AFB293"
4,2,6,90,22.5,64.4217102201611,100.799080491846,24.2610578160854,71.5266915543778,"#A9B492"
4,3,6,90,22.5,64.4217102201611,109.864894058444,26.7548059077959,71.5266915543778,"#A2B591"
4,4,6,90,22.5,64.4217102201611,117.23572392039,29.7978545943356,71.5266915543778,"#9CB790"
4,5,6,90,22.5,64.4217102201611,123.162760768638,33.2396814686821,71.5266915543778,"#95B98F"
4,6,6,90,22.5,64.4217102201611,127.937084834527,36.9690748640899,71.5266915543778,"#8DBB8E"
4,7,6,90,22.5,64.4217102201611,131.8149717737,40.9074608711769,71.5266915543778,"#85BC8C"
4,8,6,90,22.5,64.4217102201611,135,45,71.5266915543778,"#7DBE8B"
4,1,5,90,22.5,64.4217102201611,90,22.5,66.7900373315667,"#A2A586"
4,2,5,90,22.5,64.4217102201611,100.799080491846,24.2610578160854,66.7900373315667,"#9CA785"
4,3,5,90,22.5,64.4217102201611,109.864894058444,26.7548059077959,66.7900373315667,"#96A984"
4,4,5,90,22.5,64.4217102201611,117.23572392039,29.7978545943356,66.7900373315667,"#8FAA83"
4,5,5,90,22.5,64.4217102201611,123.162760768638,33.2396814686821,66.7900373315667,"#88AC82"
4,6,5,90,22.5,64.4217102201611,127.937084834527,36.9690748640899,66.7900373315667,"#80AE81"
4,7,5,90,22.5,64.4217102201611,131.8149717737,40.9074608711769,66.7900373315667,"#78AF80"
4,8,5,90,22.5,64.4217102201611,135,45,66.7900373315667,"#6FB17E"
4,1,4,90,22.5,64.4217102201611,90,22.5,62.0533831087556,"#96987A"
4,2,4,90,22.5,64.4217102201611,100.799080491846,24.2610578160854,62.0533831087556,"#909A79"
4,3,4,90,22.5,64.4217102201611,109.864894058444,26.7548059077959,62.0533831087556,"#899C77"
4,4,4,90,22.5,64.4217102201611,117.23572392039,29.7978545943356,62.0533831087556,"#829E76"
4,5,4,90,22.5,64.4217102201611,123.162760768638,33.2396814686821,62.0533831087556,"#7B9F75"
4,6,4,90,22.5,64.4217102201611,127.937084834527,36.9690748640899,62.0533831087556,"#74A174"
4,7,4,90,22.5,64.4217102201611,131.8149717737,40.9074608711769,62.0533831087556,"#6BA373"
4,8,4,90,22.5,64.4217102201611,135,45,62.0533831087556,"#62A472"
4,1,3,90,22.5,64.4217102201611,90,22.5,57.3167288859445,"#898C6D"
4,2,3,90,22.5,64.4217102201611,100.799080491846,24.2610578160854,57.3167288859445,"#838E6C"
4,3,3,90,22.5,64.4217102201611,109.864894058444,26.7548059077959,57.3167288859445,"#7D906B"
4,4,3,90,22.5,64.4217102201611,117.23572392039,29.7978545943356,57.3167288859445,"#76916A"
4,5,3,90,22.5,64.4217102201611,123.162760768638,33.2396814686821,57.3167288859445,"#6F9368"
4,6,3,90,22.5,64.4217102201611,127.937084834527,36.9690748640899,57.3167288859445,"#679567"
4,7,3,90,22.5,64.4217102201611,131.8149717737,40.9074608711769,57.3167288859445,"#5E9666"
4,8,3,90,22.5,64.4217102201611,135,45,57.3167288859445,"#559865"
4,1,2,90,22.5,64.4217102201611,90,22.5,52.5800746631333,"#7D8061"
4,2,2,90,22.5,64.4217102201611,100.799080491846,24.2610578160854,52.5800746631333,"#77825F"
4,3,2,90,22.5,64.4217102201611,109.864894058444,26.7548059077959,52.5800746631333,"#71835E"
4,4,2,90,22.5,64.4217102201611,117.23572392039,29.7978545943356,52.5800746631333,"#6A855D"
4,5,2,90,22.5,64.4217102201611,123.162760768638,33.2396814686821,52.5800746631333,"#62875C"
4,6,2,90,22.5,64.4217102201611,127.937084834527,36.9690748640899,52.5800746631333,"#5A885B"
4,7,2,90,22.5,64.4217102201611,131.8149717737,40.9074608711769,52.5800746631333,"#518A59"
4,8,2,90,22.5,64.4217102201611,135,45,52.5800746631333,"#478C58"
4,1,1,90,22.5,64.4217102201611,90,22.5,47.8434204403222,"#717454"
4,2,1,90,22.5,64.4217102201611,100.799080491846,24.2610578160854,47.8434204403222,"#6B7653"
4,3,1,90,22.5,64.4217102201611,109.864894058444,26.7548059077959,47.8434204403222,"#657852"
4,4,1,90,22.5,64.4217102201611,117.23572392039,29.7978545943356,47.8434204403222,"#5E7951"
4,5,1,90,22.5,64.4217102201611,123.162760768638,33.2396814686821,47.8434204403222,"#567B4F"
4,6,1,90,22.5,64.4217102201611,127.937084834527,36.9690748640899,47.8434204403222,"#4E7C4E"
4,7,1,90,22.5,64.4217102201611,131.8149717737,40.9074608711769,47.8434204403222,"#447E4D"
4,8,1,90,22.5,64.4217102201611,135,45,47.8434204403222,"#387F4B"
5,1,8,120,22.5,72.4217102201611,120,22.5,89,"#CFE6C9"
5,2,8,120,22.5,72.4217102201611,130.799080491846,24.2610578160854,89,"#C8E8CB"
5,3,8,120,22.5,72.4217102201611,139.864894058444,26.7548059077959,89,"#C1E9CD"
5,4,8,120,22.5,72.4217102201611,147.23572392039,29.7978545943356,89,"#B9EBCF"
5,5,8,120,22.5,72.4217102201611,153.162760768638,33.2396814686821,89,"#B1ECD1"
5,6,8,120,22.5,72.4217102201611,157.937084834527,36.9690748640899,89,"#A8EED3"
5,7,8,120,22.5,72.4217102201611,161.8149717737,40.9074608711769,89,"#9EF0D5"
5,8,8,120,22.5,72.4217102201611,165,45,89,"#94F1D7"
5,1,7,120,22.5,72.4217102201611,120,22.5,84.2633457771889,"#C2D9BC"
5,2,7,120,22.5,72.4217102201611,130.799080491846,24.2610578160854,84.2633457771889,"#BBDABE"
5,3,7,120,22.5,72.4217102201611,139.864894058444,26.7548059077959,84.2633457771889,"#B4DCC0"
5,4,7,120,22.5,72.4217102201611,147.23572392039,29.7978545943356,84.2633457771889,"#ACDDC2"
5,5,7,120,22.5,72.4217102201611,153.162760768638,33.2396814686821,84.2633457771889,"#A3DFC4"
5,6,7,120,22.5,72.4217102201611,157.937084834527,36.9690748640899,84.2633457771889,"#9AE1C6"
5,7,7,120,22.5,72.4217102201611,161.8149717737,40.9074608711769,84.2633457771889,"#90E2C8"
5,8,7,120,22.5,72.4217102201611,165,45,84.2633457771889,"#85E4CA"
5,1,6,120,22.5,72.4217102201611,120,22.5,79.5266915543778,"#B5CBAF"
5,2,6,120,22.5,72.4217102201611,130.799080491846,24.2610578160854,79.5266915543778,"#AECDB1"
5,3,6,120,22.5,72.4217102201611,139.864894058444,26.7548059077959,79.5266915543778,"#A6CFB3"
5,4,6,120,22.5,72.4217102201611,147.23572392039,29.7978545943356,79.5266915543778,"#9ED0B5"
5,5,6,120,22.5,72.4217102201611,153.162760768638,33.2396814686821,79.5266915543778,"#96D2B7"
5,6,6,120,22.5,72.4217102201611,157.937084834527,36.9690748640899,79.5266915543778,"#8CD3B9"
5,7,6,120,22.5,72.4217102201611,161.8149717737,40.9074608711769,79.5266915543778,"#82D5BB"
5,8,6,120,22.5,72.4217102201611,165,45,79.5266915543778,"#76D6BD"
5,1,5,120,22.5,72.4217102201611,120,22.5,74.7900373315667,"#A8BEA2"
5,2,5,120,22.5,72.4217102201611,130.799080491846,24.2610578160854,74.7900373315667,"#A1C0A4"
5,3,5,120,22.5,72.4217102201611,139.864894058444,26.7548059077959,74.7900373315667,"#99C2A6"
5,4,5,120,22.5,72.4217102201611,147.23572392039,29.7978545943356,74.7900373315667,"#91C3A8"
5,5,5,120,22.5,72.4217102201611,153.162760768638,33.2396814686821,74.7900373315667,"#88C5AA"
5,6,5,120,22.5,72.4217102201611,157.937084834527,36.9690748640899,74.7900373315667,"#7FC6AC"
5,7,5,120,22.5,72.4217102201611,161.8149717737,40.9074608711769,74.7900373315667,"#74C8AE"
5,8,5,120,22.5,72.4217102201611,165,45,74.7900373315667,"#67C9B0"
5,1,4,120,22.5,72.4217102201611,120,22.5,70.0533831087556,"#9BB295"
5,2,4,120,22.5,72.4217102201611,130.799080491846,24.2610578160854,70.0533831087556,"#94B397"
5,3,4,120,22.5,72.4217102201611,139.864894058444,26.7548059077959,70.0533831087556,"#8CB599"
5,4,4,120,22.5,72.4217102201611,147.23572392039,29.7978545943356,70.0533831087556,"#84B69B"
5,5,4,120,22.5,72.4217102201611,153.162760768638,33.2396814686821,70.0533831087556,"#7BB89D"
5,6,4,120,22.5,72.4217102201611,157.937084834527,36.9690748640899,70.0533831087556,"#71B99F"
5,7,4,120,22.5,72.4217102201611,161.8149717737,40.9074608711769,70.0533831087556,"#65BBA1"
5,8,4,120,22.5,72.4217102201611,165,45,70.0533831087556,"#58BCA3"
5,1,3,120,22.5,72.4217102201611,120,22.5,65.3167288859445,"#8EA588"
5,2,3,120,22.5,72.4217102201611,130.799080491846,24.2610578160854,65.3167288859445,"#87A68A"
5,3,3,120,22.5,72.4217102201611,139.864894058444,26.7548059077959,65.3167288859445,"#7FA88C"
5,4,3,120,22.5,72.4217102201611,147.23572392039,29.7978545943356,65.3167288859445,"#77AA8E"
5,5,3,120,22.5,72.4217102201611,153.162760768638,33.2396814686821,65.3167288859445,"#6DAB90"
5,6,3,120,22.5,72.4217102201611,157.937084834527,36.9690748640899,65.3167288859445,"#63AD92"
5,7,3,120,22.5,72.4217102201611,161.8149717737,40.9074608711769,65.3167288859445,"#56AE94"
5,8,3,120,22.5,72.4217102201611,165,45,65.3167288859445,"#47B096"
5,1,2,120,22.5,72.4217102201611,120,22.5,60.5800746631333,"#82987B"
5,2,2,120,22.5,72.4217102201611,130.799080491846,24.2610578160854,60.5800746631333,"#7B9A7E"
5,3,2,120,22.5,72.4217102201611,139.864894058444,26.7548059077959,60.5800746631333,"#739B80"
5,4,2,120,22.5,72.4217102201611,147.23572392039,29.7978545943356,60.5800746631333,"#6A9D82"
5,5,2,120,22.5,72.4217102201611,153.162760768638,33.2396814686821,60.5800746631333,"#609F84"
5,6,2,120,22.5,72.4217102201611,157.937084834527,36.9690748640899,60.5800746631333,"#55A086"
5,7,2,120,22.5,72.4217102201611,161.8149717737,40.9074608711769,60.5800746631333,"#47A288"
5,8,2,120,22.5,72.4217102201611,165,45,60.5800746631333,"#35A38A"
5,1,1,120,22.5,72.4217102201611,120,22.5,55.8434204403222,"#768C6F"
5,2,1,120,22.5,72.4217102201611,130.799080491846,24.2610578160854,55.8434204403222,"#6E8E71"
5,3,1,120,22.5,72.4217102201611,139.864894058444,26.7548059077959,55.8434204403222,"#668F73"
5,4,1,120,22.5,72.4217102201611,147.23572392039,29.7978545943356,55.8434204403222,"#5D9175"
5,5,1,120,22.5,72.4217102201611,153.162760768638,33.2396814686821,55.8434204403222,"#529277"
5,6,1,120,22.5,72.4217102201611,157.937084834527,36.9690748640899,55.8434204403222,"#469479"
5,7,1,120,22.5,72.4217102201611,161.8149717737,40.9074608711769,55.8434204403222,"#36957B"
5,8,1,120,22.5,72.4217102201611,165,45,55.8434204403222,"#1D977D"
6,1,8,150,22.5,74.4217102201611,150,22.5,91,"#C8EEDA"
6,2,8,150,22.5,74.4217102201611,160.799080491846,24.2610578160854,91,"#C2EFDE"
6,3,8,150,22.5,74.4217102201611,169.864894058444,26.7548059077959,91,"#BCF0E3"
6,4,8,150,22.5,74.4217102201611,177.23572392039,29.7978545943356,91,"#B5F1E7"
6,5,8,150,22.5,74.4217102201611,183.162760768638,33.2396814686821,91,"#AEF2EB"
6,6,8,150,22.5,74.4217102201611,187.937084834527,36.9690748640899,91,"#A7F3EF"
6,7,8,150,22.5,74.4217102201611,191.8149717737,40.9074608711769,91,"#9EF4F4"
6,8,8,150,22.5,74.4217102201611,195,45,91,"#96F5F8"
6,1,7,150,22.5,74.4217102201611,150,22.5,86.2633457771889,"#BAE1CD"
6,2,7,150,22.5,74.4217102201611,160.799080491846,24.2610578160854,86.2633457771889,"#B4E2D1"
6,3,7,150,22.5,74.4217102201611,169.864894058444,26.7548059077959,86.2633457771889,"#AEE3D5"
6,4,7,150,22.5,74.4217102201611,177.23572392039,29.7978545943356,86.2633457771889,"#A7E4DA"
6,5,7,150,22.5,74.4217102201611,183.162760768638,33.2396814686821,86.2633457771889,"#A0E4DE"
6,6,7,150,22.5,74.4217102201611,187.937084834527,36.9690748640899,86.2633457771889,"#98E5E2"
6,7,7,150,22.5,74.4217102201611,191.8149717737,40.9074608711769,86.2633457771889,"#90E6E6"
6,8,7,150,22.5,74.4217102201611,195,45,86.2633457771889,"#87E8EA"
6,1,6,150,22.5,74.4217102201611,150,22.5,81.5266915543778,"#ADD3C0"
6,2,6,150,22.5,74.4217102201611,160.799080491846,24.2610578160854,81.5266915543778,"#A7D4C4"
6,3,6,150,22.5,74.4217102201611,169.864894058444,26.7548059077959,81.5266915543778,"#A1D5C8"
6,4,6,150,22.5,74.4217102201611,177.23572392039,29.7978545943356,81.5266915543778,"#9AD6CC"
6,5,6,150,22.5,74.4217102201611,183.162760768638,33.2396814686821,81.5266915543778,"#92D7D1"
6,6,6,150,22.5,74.4217102201611,187.937084834527,36.9690748640899,81.5266915543778,"#8AD8D5"
6,7,6,150,22.5,74.4217102201611,191.8149717737,40.9074608711769,81.5266915543778,"#81D9D9"
6,8,6,150,22.5,74.4217102201611,195,45,81.5266915543778,"#78DADD"
6,1,5,150,22.5,74.4217102201611,150,22.5,76.7900373315667,"#A0C6B2"
6,2,5,150,22.5,74.4217102201611,160.799080491846,24.2610578160854,76.7900373315667,"#9AC7B7"
6,3,5,150,22.5,74.4217102201611,169.864894058444,26.7548059077959,76.7900373315667,"#93C8BB"
6,4,5,150,22.5,74.4217102201611,177.23572392039,29.7978545943356,76.7900373315667,"#8CC9BF"
6,5,5,150,22.5,74.4217102201611,183.162760768638,33.2396814686821,76.7900373315667,"#84CAC4"
6,6,5,150,22.5,74.4217102201611,187.937084834527,36.9690748640899,76.7900373315667,"#7CCBC8"
6,7,5,150,22.5,74.4217102201611,191.8149717737,40.9074608711769,76.7900373315667,"#73CCCC"
6,8,5,150,22.5,74.4217102201611,195,45,76.7900373315667,"#68CDD0"
6,1,4,150,22.5,74.4217102201611,150,22.5,72.0533831087556,"#93B9A6"
6,2,4,150,22.5,74.4217102201611,160.799080491846,24.2610578160854,72.0533831087556,"#8DBAAA"
6,3,4,150,22.5,74.4217102201611,169.864894058444,26.7548059077959,72.0533831087556,"#86BBAE"
6,4,4,150,22.5,74.4217102201611,177.23572392039,29.7978545943356,72.0533831087556,"#7FBCB2"
6,5,4,150,22.5,74.4217102201611,183.162760768638,33.2396814686821,72.0533831087556,"#76BDB7"
6,6,4,150,22.5,74.4217102201611,187.937084834527,36.9690748640899,72.0533831087556,"#6EBEBB"
6,7,4,150,22.5,74.4217102201611,191.8149717737,40.9074608711769,72.0533831087556,"#63BFBF"
6,8,4,150,22.5,74.4217102201611,195,45,72.0533831087556,"#58C0C3"
6,1,3,150,22.5,74.4217102201611,150,22.5,67.3167288859445,"#86AC99"
6,2,3,150,22.5,74.4217102201611,160.799080491846,24.2610578160854,67.3167288859445,"#80AD9D"
6,3,3,150,22.5,74.4217102201611,169.864894058444,26.7548059077959,67.3167288859445,"#79AEA2"
6,4,3,150,22.5,74.4217102201611,177.23572392039,29.7978545943356,67.3167288859445,"#71AFA6"
6,5,3,150,22.5,74.4217102201611,183.162760768638,33.2396814686821,67.3167288859445,"#68B0AA"
6,6,3,150,22.5,74.4217102201611,187.937084834527,36.9690748640899,67.3167288859445,"#5FB1AE"
6,7,3,150,22.5,74.4217102201611,191.8149717737,40.9074608711769,67.3167288859445,"#54B2B2"
6,8,3,150,22.5,74.4217102201611,195,45,67.3167288859445,"#46B3B6"
6,1,2,150,22.5,74.4217102201611,150,22.5,62.5800746631334,"#79A08C"
6,2,2,150,22.5,74.4217102201611,160.799080491846,24.2610578160854,62.5800746631334,"#73A191"
6,3,2,150,22.5,74.4217102201611,169.864894058444,26.7548059077959,62.5800746631334,"#6BA295"
6,4,2,150,22.5,74.4217102201611,177.23572392039,29.7978545943356,62.5800746631334,"#63A399"
6,5,2,150,22.5,74.4217102201611,183.162760768638,33.2396814686821,62.5800746631334,"#5AA49D"
6,6,2,150,22.5,74.4217102201611,187.937084834527,36.9690748640899,62.5800746631334,"#4FA5A1"
6,7,2,150,22.5,74.4217102201611,191.8149717737,40.9074608711769,62.5800746631334,"#42A6A5"
6,8,2,150,22.5,74.4217102201611,195,45,62.5800746631334,"#31A7A9"
6,1,1,150,22.5,74.4217102201611,150,22.5,57.8434204403222,"#6D9380"
6,2,1,150,22.5,74.4217102201611,160.799080491846,24.2610578160854,57.8434204403222,"#669484"
6,3,1,150,22.5,74.4217102201611,169.864894058444,26.7548059077959,57.8434204403222,"#5E9589"
6,4,1,150,22.5,74.4217102201611,177.23572392039,29.7978545943356,57.8434204403222,"#55968D"
6,5,1,150,22.5,74.4217102201611,183.162760768638,33.2396814686821,57.8434204403222,"#4B9791"
6,6,1,150,22.5,74.4217102201611,187.937084834527,36.9690748640899,57.8434204403222,"#3F9895"
6,7,1,150,22.5,74.4217102201611,191.8149717737,40.9074608711769,57.8434204403222,"#2F9999"
6,8,1,150,22.5,74.4217102201611,195,45,57.8434204403222,"#129A9D"
7,1,8,180,22.5,65.4217102201611,180,22.5,82,"#A9D5CF"
7,2,8,180,22.5,65.4217102201611,190.799080491846,24.2610578160854,82,"#A6D5D4"
7,3,8,180,22.5,65.4217102201611,199.864894058444,26.7548059077959,82,"#A3D5D9"
7,4,8,180,22.5,65.4217102201611,207.23572392039,29.7978545943356,82,"#A0D5DF"
7,5,8,180,22.5,65.4217102201611,213.162760768638,33.2396814686821,82,"#9DD5E4"
7,6,8,180,22.5,65.4217102201611,217.937084834527,36.9690748640899,82,"#9AD5E9"
7,7,8,180,22.5,65.4217102201611,221.8149717737,40.9074608711769,82,"#96D5EE"
7,8,8,180,22.5,65.4217102201611,225,45,82,"#93D5F3"
7,1,7,180,22.5,65.4217102201611,180,22.5,77.2633457771889,"#9BC8C1"
7,2,7,180,22.5,65.4217102201611,190.799080491846,24.2610578160854,77.2633457771889,"#98C8C7"
7,3,7,180,22.5,65.4217102201611,199.864894058444,26.7548059077959,77.2633457771889,"#96C8CC"
7,4,7,180,22.5,65.4217102201611,207.23572392039,29.7978545943356,77.2633457771889,"#92C8D1"
7,5,7,180,22.5,65.4217102201611,213.162760768638,33.2396814686821,77.2633457771889,"#8FC8D7"
7,6,7,180,22.5,65.4217102201611,217.937084834527,36.9690748640899,77.2633457771889,"#8CC8DC"
7,7,7,180,22.5,65.4217102201611,221.8149717737,40.9074608711769,77.2633457771889,"#88C8E1"
7,8,7,180,22.5,65.4217102201611,225,45,77.2633457771889,"#84C8E6"
7,1,6,180,22.5,65.4217102201611,180,22.5,72.5266915543778,"#8EBBB5"
7,2,6,180,22.5,65.4217102201611,190.799080491846,24.2610578160854,72.5266915543778,"#8BBBBA"
7,3,6,180,22.5,65.4217102201611,199.864894058444,26.7548059077959,72.5266915543778,"#88BBBF"
7,4,6,180,22.5,65.4217102201611,207.23572392039,29.7978545943356,72.5266915543778,"#85BBC4"
7,5,6,180,22.5,65.4217102201611,213.162760768638,33.2396814686821,72.5266915543778,"#82BBCA"
7,6,6,180,22.5,65.4217102201611,217.937084834527,36.9690748640899,72.5266915543778,"#7EBBCF"
7,7,6,180,22.5,65.4217102201611,221.8149717737,40.9074608711769,72.5266915543778,"#7ABBD4"
7,8,6,180,22.5,65.4217102201611,225,45,72.5266915543778,"#76BBD9"
7,1,5,180,22.5,65.4217102201611,180,22.5,67.7900373315667,"#81AEA8"
7,2,5,180,22.5,65.4217102201611,190.799080491846,24.2610578160854,67.7900373315667,"#7EAEAD"
7,3,5,180,22.5,65.4217102201611,199.864894058444,26.7548059077959,67.7900373315667,"#7BAEB2"
7,4,5,180,22.5,65.4217102201611,207.23572392039,29.7978545943356,67.7900373315667,"#77AEB8"
7,5,5,180,22.5,65.4217102201611,213.162760768638,33.2396814686821,67.7900373315667,"#74AEBD"
7,6,5,180,22.5,65.4217102201611,217.937084834527,36.9690748640899,67.7900373315667,"#70AEC2"
7,7,5,180,22.5,65.4217102201611,221.8149717737,40.9074608711769,67.7900373315667,"#6CAEC7"
7,8,5,180,22.5,65.4217102201611,225,45,67.7900373315667,"#67AECC"
7,1,4,180,22.5,65.4217102201611,180,22.5,63.0533831087556,"#74A19B"
7,2,4,180,22.5,65.4217102201611,190.799080491846,24.2610578160854,63.0533831087556,"#71A1A1"
7,3,4,180,22.5,65.4217102201611,199.864894058444,26.7548059077959,63.0533831087556,"#6DA1A6"
7,4,4,180,22.5,65.4217102201611,207.23572392039,29.7978545943356,63.0533831087556,"#6AA1AB"
7,5,4,180,22.5,65.4217102201611,213.162760768638,33.2396814686821,63.0533831087556,"#66A2B0"
7,6,4,180,22.5,65.4217102201611,217.937084834527,36.9690748640899,63.0533831087556,"#62A2B5"
7,7,4,180,22.5,65.4217102201611,221.8149717737,40.9074608711769,63.0533831087556,"#5DA2BA"
7,8,4,180,22.5,65.4217102201611,225,45,63.0533831087556,"#58A2BF"
7,1,3,180,22.5,65.4217102201611,180,22.5,58.3167288859444,"#67958F"
7,2,3,180,22.5,65.4217102201611,190.799080491846,24.2610578160854,58.3167288859444,"#639594"
7,3,3,180,22.5,65.4217102201611,199.864894058444,26.7548059077959,58.3167288859444,"#609599"
7,4,3,180,22.5,65.4217102201611,207.23572392039,29.7978545943356,58.3167288859444,"#5C959F"
7,5,3,180,22.5,65.4217102201611,213.162760768638,33.2396814686821,58.3167288859444,"#5895A4"
7,6,3,180,22.5,65.4217102201611,217.937084834527,36.9690748640899,58.3167288859444,"#5395A9"
7,7,3,180,22.5,65.4217102201611,221.8149717737,40.9074608711769,58.3167288859444,"#4E95AE"
7,8,3,180,22.5,65.4217102201611,225,45,58.3167288859444,"#4896B3"
7,1,2,180,22.5,65.4217102201611,180,22.5,53.5800746631333,"#5A8983"
7,2,2,180,22.5,65.4217102201611,190.799080491846,24.2610578160854,53.5800746631333,"#568988"
7,3,2,180,22.5,65.4217102201611,199.864894058444,26.7548059077959,53.5800746631333,"#52898D"
7,4,2,180,22.5,65.4217102201611,207.23572392039,29.7978545943356,53.5800746631333,"#4E8992"
7,5,2,180,22.5,65.4217102201611,213.162760768638,33.2396814686821,53.5800746631333,"#498997"
7,6,2,180,22.5,65.4217102201611,217.937084834527,36.9690748640899,53.5800746631333,"#44899C"
7,7,2,180,22.5,65.4217102201611,221.8149717737,40.9074608711769,53.5800746631333,"#3E89A1"
7,8,2,180,22.5,65.4217102201611,225,45,53.5800746631333,"#3789A6"
7,1,1,180,22.5,65.4217102201611,180,22.5,48.8434204403222,"#4D7D77"
7,2,1,180,22.5,65.4217102201611,190.799080491846,24.2610578160854,48.8434204403222,"#497D7C"
7,3,1,180,22.5,65.4217102201611,199.864894058444,26.7548059077959,48.8434204403222,"#447D81"
7,4,1,180,22.5,65.4217102201611,207.23572392039,29.7978545943356,48.8434204403222,"#3F7D86"
7,5,1,180,22.5,65.4217102201611,213.162760768638,33.2396814686821,48.8434204403222,"#3A7D8B"
7,6,1,180,22.5,65.4217102201611,217.937084834527,36.9690748640899,48.8434204403222,"#337D90"
7,7,1,180,22.5,65.4217102201611,221.8149717737,40.9074608711769,48.8434204403222,"#2B7D95"
7,8,1,180,22.5,65.4217102201611,225,45,48.8434204403222,"#217E9A"
8,1,8,210,22.5,53.4217102201611,210,22.5,70,"#8CB2BA"
8,2,8,210,22.5,53.4217102201611,220.799080491846,24.2610578160854,70,"#8DB1BF"
8,3,8,210,22.5,53.4217102201611,229.864894058444,26.7548059077959,70,"#8FB0C4"
8,4,8,210,22.5,53.4217102201611,237.235723920391,29.7978545943356,70,"#91AFC9"
8,5,8,210,22.5,53.4217102201611,243.162760768638,33.2396814686821,70,"#93AECE"
8,6,8,210,22.5,53.4217102201611,247.937084834527,36.9690748640899,70,"#95ADD3"
8,7,8,210,22.5,53.4217102201611,251.8149717737,40.9074608711769,70,"#96ABD7"
8,8,8,210,22.5,53.4217102201611,255,45,70,"#98AADC"
8,1,7,210,22.5,53.4217102201611,210,22.5,65.2633457771889,"#7FA5AD"
8,2,7,210,22.5,53.4217102201611,220.799080491846,24.2610578160854,65.2633457771889,"#80A4B2"
8,3,7,210,22.5,53.4217102201611,229.864894058444,26.7548059077959,65.2633457771889,"#82A3B7"
8,4,7,210,22.5,53.4217102201611,237.235723920391,29.7978545943356,65.2633457771889,"#84A2BC"
8,5,7,210,22.5,53.4217102201611,243.162760768638,33.2396814686821,65.2633457771889,"#86A1C1"
8,6,7,210,22.5,53.4217102201611,247.937084834527,36.9690748640899,65.2633457771889,"#88A0C6"
8,7,7,210,22.5,53.4217102201611,251.8149717737,40.9074608711769,65.2633457771889,"#899FCB"
8,8,7,210,22.5,53.4217102201611,255,45,65.2633457771889,"#8B9ECF"
8,1,6,210,22.5,53.4217102201611,210,22.5,60.5266915543778,"#7298A1"
8,2,6,210,22.5,53.4217102201611,220.799080491846,24.2610578160854,60.5266915543778,"#7497A6"
8,3,6,210,22.5,53.4217102201611,229.864894058444,26.7548059077959,60.5266915543778,"#7597AB"
8,4,6,210,22.5,53.4217102201611,237.235723920391,29.7978545943356,60.5266915543778,"#7796B0"
8,5,6,210,22.5,53.4217102201611,243.162760768638,33.2396814686821,60.5266915543778,"#7995B4"
8,6,6,210,22.5,53.4217102201611,247.937084834527,36.9690748640899,60.5266915543778,"#7B93B9"
8,7,6,210,22.5,53.4217102201611,251.8149717737,40.9074608711769,60.5266915543778,"#7D92BE"
8,8,6,210,22.5,53.4217102201611,255,45,60.5266915543778,"#7E91C3"
8,1,5,210,22.5,53.4217102201611,210,22.5,55.7900373315667,"#658C95"
8,2,5,210,22.5,53.4217102201611,220.799080491846,24.2610578160854,55.7900373315667,"#678B9A"
8,3,5,210,22.5,53.4217102201611,229.864894058444,26.7548059077959,55.7900373315667,"#688A9E"
8,4,5,210,22.5,53.4217102201611,237.235723920391,29.7978545943356,55.7900373315667,"#6A89A3"
8,5,5,210,22.5,53.4217102201611,243.162760768638,33.2396814686821,55.7900373315667,"#6C88A8"
8,6,5,210,22.5,53.4217102201611,247.937084834527,36.9690748640899,55.7900373315667,"#6E87AD"
8,7,5,210,22.5,53.4217102201611,251.8149717737,40.9074608711769,55.7900373315667,"#7086B2"
8,8,5,210,22.5,53.4217102201611,255,45,55.7900373315667,"#7285B6"
8,1,4,210,22.5,53.4217102201611,210,22.5,51.0533831087556,"#588089"
8,2,4,210,22.5,53.4217102201611,220.799080491846,24.2610578160854,51.0533831087556,"#5A7F8E"
8,3,4,210,22.5,53.4217102201611,229.864894058444,26.7548059077959,51.0533831087556,"#5C7E92"
8,4,4,210,22.5,53.4217102201611,237.235723920391,29.7978545943356,51.0533831087556,"#5D7D97"
8,5,4,210,22.5,53.4217102201611,243.162760768638,33.2396814686821,51.0533831087556,"#5F7C9C"
8,6,4,210,22.5,53.4217102201611,247.937084834527,36.9690748640899,51.0533831087556,"#617BA1"
8,7,4,210,22.5,53.4217102201611,251.8149717737,40.9074608711769,51.0533831087556,"#637AA5"
8,8,4,210,22.5,53.4217102201611,255,45,51.0533831087556,"#6579AA"
8,1,3,210,22.5,53.4217102201611,210,22.5,46.3167288859444,"#4B747D"
8,2,3,210,22.5,53.4217102201611,220.799080491846,24.2610578160854,46.3167288859444,"#4D7382"
8,3,3,210,22.5,53.4217102201611,229.864894058444,26.7548059077959,46.3167288859444,"#4F7287"
8,4,3,210,22.5,53.4217102201611,237.235723920391,29.7978545943356,46.3167288859444,"#50718B"
8,5,3,210,22.5,53.4217102201611,243.162760768638,33.2396814686821,46.3167288859444,"#527090"
8,6,3,210,22.5,53.4217102201611,247.937084834527,36.9690748640899,46.3167288859444,"#546F95"
8,7,3,210,22.5,53.4217102201611,251.8149717737,40.9074608711769,46.3167288859444,"#566E9A"
8,8,3,210,22.5,53.4217102201611,255,45,46.3167288859444,"#586D9E"
8,1,2,210,22.5,53.4217102201611,210,22.5,41.5800746631333,"#3D6971"
8,2,2,210,22.5,53.4217102201611,220.799080491846,24.2610578160854,41.5800746631333,"#3F6876"
8,3,2,210,22.5,53.4217102201611,229.864894058444,26.7548059077959,41.5800746631333,"#41677B"
8,4,2,210,22.5,53.4217102201611,237.235723920391,29.7978545943356,41.5800746631333,"#436680"
8,5,2,210,22.5,53.4217102201611,243.162760768638,33.2396814686821,41.5800746631333,"#456585"
8,6,2,210,22.5,53.4217102201611,247.937084834527,36.9690748640899,41.5800746631333,"#476489"
8,7,2,210,22.5,53.4217102201611,251.8149717737,40.9074608711769,41.5800746631333,"#49638E"
8,8,2,210,22.5,53.4217102201611,255,45,41.5800746631333,"#4C6193"
8,1,1,210,22.5,53.4217102201611,210,22.5,36.8434204403222,"#2F5D66"
8,2,1,210,22.5,53.4217102201611,220.799080491846,24.2610578160854,36.8434204403222,"#315C6B"
8,3,1,210,22.5,53.4217102201611,229.864894058444,26.7548059077959,36.8434204403222,"#335C70"
8,4,1,210,22.5,53.4217102201611,237.235723920391,29.7978545943356,36.8434204403222,"#365B75"
8,5,1,210,22.5,53.4217102201611,243.162760768638,33.2396814686821,36.8434204403222,"#385979"
8,6,1,210,22.5,53.4217102201611,247.937084834527,36.9690748640899,36.8434204403222,"#3A587E"
8,7,1,210,22.5,53.4217102201611,251.8149717737,40.9074608711769,36.8434204403222,"#3C5783"
8,8,1,210,22.5,53.4217102201611,255,45,36.8434204403222,"#3E5688"
9,1,8,240,22.5,49.4217102201611,240,22.5,66,"#8FA3B8"
9,2,8,240,22.5,49.4217102201611,250.799080491846,24.2610578160854,66,"#94A1BB"
9,3,8,240,22.5,49.4217102201611,259.864894058444,26.7548059077959,66,"#999FBE"
9,4,8,240,22.5,49.4217102201611,267.23572392039,29.7978545943356,66,"#9E9DC2"
9,5,8,240,22.5,49.4217102201611,273.162760768638,33.2396814686821,66,"#A39BC5"
9,6,8,240,22.5,49.4217102201611,277.937084834527,36.9690748640899,66,"#A899C8"
9,7,8,240,22.5,49.4217102201611,281.8149717737,40.9074608711769,66,"#AD97CC"
9,8,8,240,22.5,49.4217102201611,285,45,66,"#B295CF"
9,1,7,240,22.5,49.4217102201611,240,22.5,61.2633457771889,"#8296AB"
9,2,7,240,22.5,49.4217102201611,250.799080491846,24.2610578160854,61.2633457771889,"#8894AE"
9,3,7,240,22.5,49.4217102201611,259.864894058444,26.7548059077959,61.2633457771889,"#8D92B2"
9,4,7,240,22.5,49.4217102201611,267.23572392039,29.7978545943356,61.2633457771889,"#9291B5"
9,5,7,240,22.5,49.4217102201611,273.162760768638,33.2396814686821,61.2633457771889,"#978FB8"
9,6,7,240,22.5,49.4217102201611,277.937084834527,36.9690748640899,61.2633457771889,"#9C8CBC"
9,7,7,240,22.5,49.4217102201611,281.8149717737,40.9074608711769,61.2633457771889,"#A18ABF"
9,8,7,240,22.5,49.4217102201611,285,45,61.2633457771889,"#A588C2"
9,1,6,240,22.5,49.4217102201611,240,22.5,56.5266915543778,"#768A9F"
9,2,6,240,22.5,49.4217102201611,250.799080491846,24.2610578160854,56.5266915543778,"#7B88A2"
9,3,6,240,22.5,49.4217102201611,259.864894058444,26.7548059077959,56.5266915543778,"#8086A5"
9,4,6,240,22.5,49.4217102201611,267.23572392039,29.7978545943356,56.5266915543778,"#8684A9"
9,5,6,240,22.5,49.4217102201611,273.162760768638,33.2396814686821,56.5266915543778,"#8B82AC"
9,6,6,240,22.5,49.4217102201611,277.937084834527,36.9690748640899,56.5266915543778,"#9080AF"
9,7,6,240,22.5,49.4217102201611,281.8149717737,40.9074608711769,56.5266915543778,"#947EB3"
9,8,6,240,22.5,49.4217102201611,285,45,56.5266915543778,"#997CB6"
9,1,5,240,22.5,49.4217102201611,240,22.5,51.7900373315667,"#697E93"
9,2,5,240,22.5,49.4217102201611,250.799080491846,24.2610578160854,51.7900373315667,"#6F7C96"
9,3,5,240,22.5,49.4217102201611,259.864894058444,26.7548059077959,51.7900373315667,"#747A99"
9,4,5,240,22.5,49.4217102201611,267.23572392039,29.7978545943356,51.7900373315667,"#79789D"
9,5,5,240,22.5,49.4217102201611,273.162760768638,33.2396814686821,51.7900373315667,"#7F76A0"
9,6,5,240,22.5,49.4217102201611,277.937084834527,36.9690748640899,51.7900373315667,"#8374A3"
9,7,5,240,22.5,49.4217102201611,281.8149717737,40.9074608711769,51.7900373315667,"#8872A7"
9,8,5,240,22.5,49.4217102201611,285,45,51.7900373315667,"#8D6FAA"
9,1,4,240,22.5,49.4217102201611,240,22.5,47.0533831087556,"#5D7287"
9,2,4,240,22.5,49.4217102201611,250.799080491846,24.2610578160854,47.0533831087556,"#63708A"
9,3,4,240,22.5,49.4217102201611,259.864894058444,26.7548059077959,47.0533831087556,"#686E8D"
9,4,4,240,22.5,49.4217102201611,267.23572392039,29.7978545943356,47.0533831087556,"#6E6C91"
9,5,4,240,22.5,49.4217102201611,273.162760768638,33.2396814686821,47.0533831087556,"#736A94"
9,6,4,240,22.5,49.4217102201611,277.937084834527,36.9690748640899,47.0533831087556,"#786897"
9,7,4,240,22.5,49.4217102201611,281.8149717737,40.9074608711769,47.0533831087556,"#7D659B"
9,8,4,240,22.5,49.4217102201611,285,45,47.0533831087556,"#81639E"
9,1,3,240,22.5,49.4217102201611,240,22.5,42.3167288859444,"#51667B"
9,2,3,240,22.5,49.4217102201611,250.799080491846,24.2610578160854,42.3167288859444,"#57647F"
9,3,3,240,22.5,49.4217102201611,259.864894058444,26.7548059077959,42.3167288859444,"#5C6282"
9,4,3,240,22.5,49.4217102201611,267.23572392039,29.7978545943356,42.3167288859444,"#626085"
9,5,3,240,22.5,49.4217102201611,273.162760768638,33.2396814686821,42.3167288859444,"#675E89"
9,6,3,240,22.5,49.4217102201611,277.937084834527,36.9690748640899,42.3167288859444,"#6C5C8C"
9,7,3,240,22.5,49.4217102201611,281.8149717737,40.9074608711769,42.3167288859444,"#71598F"
9,8,3,240,22.5,49.4217102201611,285,45,42.3167288859444,"#765793"
9,1,2,240,22.5,49.4217102201611,240,22.5,37.5800746631333,"#445B70"
9,2,2,240,22.5,49.4217102201611,250.799080491846,24.2610578160854,37.5800746631333,"#4B5973"
9,3,2,240,22.5,49.4217102201611,259.864894058444,26.7548059077959,37.5800746631333,"#515777"
9,4,2,240,22.5,49.4217102201611,267.23572392039,29.7978545943356,37.5800746631333,"#56557A"
9,5,2,240,22.5,49.4217102201611,273.162760768638,33.2396814686821,37.5800746631333,"#5C527D"
9,6,2,240,22.5,49.4217102201611,277.937084834527,36.9690748640899,37.5800746631333,"#615081"
9,7,2,240,22.5,49.4217102201611,281.8149717737,40.9074608711769,37.5800746631333,"#664D84"
9,8,2,240,22.5,49.4217102201611,285,45,37.5800746631333,"#6B4A88"
9,1,1,240,22.5,49.4217102201611,240,22.5,32.8434204403222,"#385065"
9,2,1,240,22.5,49.4217102201611,250.799080491846,24.2610578160854,32.8434204403222,"#3F4E68"
9,3,1,240,22.5,49.4217102201611,259.864894058444,26.7548059077959,32.8434204403222,"#454C6C"
9,4,1,240,22.5,49.4217102201611,267.23572392039,29.7978545943356,32.8434204403222,"#4B496F"
9,5,1,240,22.5,49.4217102201611,273.162760768638,33.2396814686821,32.8434204403222,"#514773"
9,6,1,240,22.5,49.4217102201611,277.937084834527,36.9690748640899,32.8434204403222,"#564476"
9,7,1,240,22.5,49.4217102201611,281.8149717737,40.9074608711769,32.8434204403222,"#5B417A"
9,8,1,240,22.5,49.4217102201611,285,45,32.8434204403222,"#603E7D"
10,1,8,270,22.5,52.4217102201611,270,22.5,69,"#A9A5C2"
10,2,8,270,22.5,52.4217102201611,280.799080491846,24.2610578160854,69,"#AFA3C3"
10,3,8,270,22.5,52.4217102201611,289.864894058444,26.7548059077959,69,"#B5A1C4"
10,4,8,270,22.5,52.4217102201611,297.235723920391,29.7978545943356,69,"#BB9FC5"
10,5,8,270,22.5,52.4217102201611,303.162760768638,33.2396814686821,69,"#C19CC6"
10,6,8,270,22.5,52.4217102201611,307.937084834527,36.9690748640899,69,"#C79AC7"
10,7,8,270,22.5,52.4217102201611,311.8149717737,40.9074608711769,69,"#CC98C8"
10,8,8,270,22.5,52.4217102201611,315,45,69,"#D295C9"
10,1,7,270,22.5,52.4217102201611,270,22.5,64.2633457771889,"#9C99B5"
10,2,7,270,22.5,52.4217102201611,280.799080491846,24.2610578160854,64.2633457771889,"#A297B6"
10,3,7,270,22.5,52.4217102201611,289.864894058444,26.7548059077959,64.2633457771889,"#A994B7"
10,4,7,270,22.5,52.4217102201611,297.235723920391,29.7978545943356,64.2633457771889,"#AF92B8"
10,5,7,270,22.5,52.4217102201611,303.162760768638,33.2396814686821,64.2633457771889,"#B590B9"
10,6,7,270,22.5,52.4217102201611,307.937084834527,36.9690748640899,64.2633457771889,"#BA8DBA"
10,7,7,270,22.5,52.4217102201611,311.8149717737,40.9074608711769,64.2633457771889,"#C08BBB"
10,8,7,270,22.5,52.4217102201611,315,45,64.2633457771889,"#C588BC"
10,1,6,270,22.5,52.4217102201611,270,22.5,59.5266915543778,"#908CA9"
10,2,6,270,22.5,52.4217102201611,280.799080491846,24.2610578160854,59.5266915543778,"#968AAA"
10,3,6,270,22.5,52.4217102201611,289.864894058444,26.7548059077959,59.5266915543778,"#9C88AB"
10,4,6,270,22.5,52.4217102201611,297.235723920391,29.7978545943356,59.5266915543778,"#A286AB"
10,5,6,270,22.5,52.4217102201611,303.162760768638,33.2396814686821,59.5266915543778,"#A883AC"
10,6,6,270,22.5,52.4217102201611,307.937084834527,36.9690748640899,59.5266915543778,"#AE81AD"
10,7,6,270,22.5,52.4217102201611,311.8149717737,40.9074608711769,59.5266915543778,"#B37EAE"
10,8,6,270,22.5,52.4217102201611,315,45,59.5266915543778,"#B87BAF"
10,1,5,270,22.5,52.4217102201611,270,22.5,54.7900373315667,"#83809C"
10,2,5,270,22.5,52.4217102201611,280.799080491846,24.2610578160854,54.7900373315667,"#8A7E9D"
10,3,5,270,22.5,52.4217102201611,289.864894058444,26.7548059077959,54.7900373315667,"#907C9E"
10,4,5,270,22.5,52.4217102201611,297.235723920391,29.7978545943356,54.7900373315667,"#96799F"
10,5,5,270,22.5,52.4217102201611,303.162760768638,33.2396814686821,54.7900373315667,"#9C77A0"
10,6,5,270,22.5,52.4217102201611,307.937084834527,36.9690748640899,54.7900373315667,"#A174A1"
10,7,5,270,22.5,52.4217102201611,311.8149717737,40.9074608711769,54.7900373315667,"#A772A2"
10,8,5,270,22.5,52.4217102201611,315,45,54.7900373315667,"#AC6FA3"
10,1,4,270,22.5,52.4217102201611,270,22.5,50.0533831087556,"#777490"
10,2,4,270,22.5,52.4217102201611,280.799080491846,24.2610578160854,50.0533831087556,"#7E7291"
10,3,4,270,22.5,52.4217102201611,289.864894058444,26.7548059077959,50.0533831087556,"#846F92"
10,4,4,270,22.5,52.4217102201611,297.235723920391,29.7978545943356,50.0533831087556,"#8A6D93"
10,5,4,270,22.5,52.4217102201611,303.162760768638,33.2396814686821,50.0533831087556,"#906A94"
10,6,4,270,22.5,52.4217102201611,307.937084834527,36.9690748640899,50.0533831087556,"#956895"
10,7,4,270,22.5,52.4217102201611,311.8149717737,40.9074608711769,50.0533831087556,"#9B6596"
10,8,4,270,22.5,52.4217102201611,315,45,50.0533831087556,"#A06297"
10,1,3,270,22.5,52.4217102201611,270,22.5,45.3167288859444,"#6B6885"
10,2,3,270,22.5,52.4217102201611,280.799080491846,24.2610578160854,45.3167288859444,"#726686"
10,3,3,270,22.5,52.4217102201611,289.864894058444,26.7548059077959,45.3167288859444,"#786386"
10,4,3,270,22.5,52.4217102201611,297.235723920391,29.7978545943356,45.3167288859444,"#7E6187"
10,5,3,270,22.5,52.4217102201611,303.162760768638,33.2396814686821,45.3167288859444,"#845E88"
10,6,3,270,22.5,52.4217102201611,307.937084834527,36.9690748640899,45.3167288859444,"#8A5C89"
10,7,3,270,22.5,52.4217102201611,311.8149717737,40.9074608711769,45.3167288859444,"#8F598A"
10,8,3,270,22.5,52.4217102201611,315,45,45.3167288859444,"#94568B"
10,1,2,270,22.5,52.4217102201611,270,22.5,40.5800746631333,"#605D79"
10,2,2,270,22.5,52.4217102201611,280.799080491846,24.2610578160854,40.5800746631333,"#675A7A"
10,3,2,270,22.5,52.4217102201611,289.864894058444,26.7548059077959,40.5800746631333,"#6D587B"
10,4,2,270,22.5,52.4217102201611,297.235723920391,29.7978545943356,40.5800746631333,"#73557C"
10,5,2,270,22.5,52.4217102201611,303.162760768638,33.2396814686821,40.5800746631333,"#79527D"
10,6,2,270,22.5,52.4217102201611,307.937084834527,36.9690748640899,40.5800746631333,"#7E4F7E"
10,7,2,270,22.5,52.4217102201611,311.8149717737,40.9074608711769,40.5800746631333,"#834C7F"
10,8,2,270,22.5,52.4217102201611,315,45,40.5800746631333,"#894980"
10,1,1,270,22.5,52.4217102201611,270,22.5,35.8434204403222,"#54516E"
10,2,1,270,22.5,52.4217102201611,280.799080491846,24.2610578160854,35.8434204403222,"#5B4F6F"
10,3,1,270,22.5,52.4217102201611,289.864894058444,26.7548059077959,35.8434204403222,"#624C70"
10,4,1,270,22.5,52.4217102201611,297.235723920391,29.7978545943356,35.8434204403222,"#684971"
10,5,1,270,22.5,52.4217102201611,303.162760768638,33.2396814686821,35.8434204403222,"#6E4672"
10,6,1,270,22.5,52.4217102201611,307.937084834527,36.9690748640899,35.8434204403222,"#734373"
10,7,1,270,22.5,52.4217102201611,311.8149717737,40.9074608711769,35.8434204403222,"#784074"
10,8,1,270,22.5,52.4217102201611,315,45,35.8434204403222,"#7D3C75"
11,1,8,300,22.5,49.4217102201611,300,22.5,66,"#B099B5"
11,2,8,300,22.5,49.4217102201611,310.799080491846,24.2610578160854,66,"#B697B3"
11,3,8,300,22.5,49.4217102201611,319.864894058444,26.7548059077959,66,"#BB95B2"
11,4,8,300,22.5,49.4217102201611,327.235723920391,29.7978545943356,66,"#C093B0"
11,5,8,300,22.5,49.4217102201611,333.162760768638,33.2396814686821,66,"#C591AE"
11,6,8,300,22.5,49.4217102201611,337.937084834527,36.9690748640899,66,"#CA8FAC"
11,7,8,300,22.5,49.4217102201611,341.8149717737,40.9074608711769,66,"#CF8DAB"
11,8,8,300,22.5,49.4217102201611,345,45,66,"#D48BA9"
11,1,7,300,22.5,49.4217102201611,300,22.5,61.2633457771889,"#A38CA9"
11,2,7,300,22.5,49.4217102201611,310.799080491846,24.2610578160854,61.2633457771889,"#A98AA7"
11,3,7,300,22.5,49.4217102201611,319.864894058444,26.7548059077959,61.2633457771889,"#AF89A5"
11,4,7,300,22.5,49.4217102201611,327.235723920391,29.7978545943356,61.2633457771889,"#B487A3"
11,5,7,300,22.5,49.4217102201611,333.162760768638,33.2396814686821,61.2633457771889,"#B985A2"
11,6,7,300,22.5,49.4217102201611,337.937084834527,36.9690748640899,61.2633457771889,"#BE83A0"
11,7,7,300,22.5,49.4217102201611,341.8149717737,40.9074608711769,61.2633457771889,"#C2819E"
11,8,7,300,22.5,49.4217102201611,345,45,61.2633457771889,"#C77F9C"
11,1,6,300,22.5,49.4217102201611,300,22.5,56.5266915543778,"#97809C"
11,2,6,300,22.5,49.4217102201611,310.799080491846,24.2610578160854,56.5266915543778,"#9D7E9B"
11,3,6,300,22.5,49.4217102201611,319.864894058444,26.7548059077959,56.5266915543778,"#A27C99"
11,4,6,300,22.5,49.4217102201611,327.235723920391,29.7978545943356,56.5266915543778,"#A77A97"
11,5,6,300,22.5,49.4217102201611,333.162760768638,33.2396814686821,56.5266915543778,"#AC7895"
11,6,6,300,22.5,49.4217102201611,337.937084834527,36.9690748640899,56.5266915543778,"#B17694"
11,7,6,300,22.5,49.4217102201611,341.8149717737,40.9074608711769,56.5266915543778,"#B57492"
11,8,6,300,22.5,49.4217102201611,345,45,56.5266915543778,"#BA7290"
11,1,5,300,22.5,49.4217102201611,300,22.5,51.7900373315667,"#8B7490"
11,2,5,300,22.5,49.4217102201611,310.799080491846,24.2610578160854,51.7900373315667,"#91728F"
11,3,5,300,22.5,49.4217102201611,319.864894058444,26.7548059077959,51.7900373315667,"#96708D"
11,4,5,300,22.5,49.4217102201611,327.235723920391,29.7978545943356,51.7900373315667,"#9B6E8B"
11,5,5,300,22.5,49.4217102201611,333.162760768638,33.2396814686821,51.7900373315667,"#A06C89"
11,6,5,300,22.5,49.4217102201611,337.937084834527,36.9690748640899,51.7900373315667,"#A56A87"
11,7,5,300,22.5,49.4217102201611,341.8149717737,40.9074608711769,51.7900373315667,"#A96886"
11,8,5,300,22.5,49.4217102201611,345,45,51.7900373315667,"#AD6584"
11,1,4,300,22.5,49.4217102201611,300,22.5,47.0533831087556,"#7F6884"
11,2,4,300,22.5,49.4217102201611,310.799080491846,24.2610578160854,47.0533831087556,"#856683"
11,3,4,300,22.5,49.4217102201611,319.864894058444,26.7548059077959,47.0533831087556,"#8A6481"
11,4,4,300,22.5,49.4217102201611,327.235723920391,29.7978545943356,47.0533831087556,"#8F627F"
11,5,4,300,22.5,49.4217102201611,333.162760768638,33.2396814686821,47.0533831087556,"#94607D"
11,6,4,300,22.5,49.4217102201611,337.937084834527,36.9690748640899,47.0533831087556,"#985D7C"
11,7,4,300,22.5,49.4217102201611,341.8149717737,40.9074608711769,47.0533831087556,"#9D5B7A"
11,8,4,300,22.5,49.4217102201611,345,45,47.0533831087556,"#A15978"
11,1,3,300,22.5,49.4217102201611,300,22.5,42.3167288859444,"#745C79"
11,2,3,300,22.5,49.4217102201611,310.799080491846,24.2610578160854,42.3167288859444,"#795A77"
11,3,3,300,22.5,49.4217102201611,319.864894058444,26.7548059077959,42.3167288859444,"#7E5875"
11,4,3,300,22.5,49.4217102201611,327.235723920391,29.7978545943356,42.3167288859444,"#835674"
11,5,3,300,22.5,49.4217102201611,333.162760768638,33.2396814686821,42.3167288859444,"#885372"
11,6,3,300,22.5,49.4217102201611,337.937084834527,36.9690748640899,42.3167288859444,"#8C5170"
11,7,3,300,22.5,49.4217102201611,341.8149717737,40.9074608711769,42.3167288859444,"#914F6E"
11,8,3,300,22.5,49.4217102201611,345,45,42.3167288859444,"#954D6C"
11,1,2,300,22.5,49.4217102201611,300,22.5,37.5800746631333,"#68506E"
11,2,2,300,22.5,49.4217102201611,310.799080491846,24.2610578160854,37.5800746631333,"#6E4E6C"
11,3,2,300,22.5,49.4217102201611,319.864894058444,26.7548059077959,37.5800746631333,"#734C6A"
11,4,2,300,22.5,49.4217102201611,327.235723920391,29.7978545943356,37.5800746631333,"#784A68"
11,5,2,300,22.5,49.4217102201611,333.162760768638,33.2396814686821,37.5800746631333,"#7D4767"
11,6,2,300,22.5,49.4217102201611,337.937084834527,36.9690748640899,37.5800746631333,"#814565"
11,7,2,300,22.5,49.4217102201611,341.8149717737,40.9074608711769,37.5800746631333,"#854363"
11,8,2,300,22.5,49.4217102201611,345,45,37.5800746631333,"#894061"
11,1,1,300,22.5,49.4217102201611,300,22.5,32.8434204403222,"#5D4563"
11,2,1,300,22.5,49.4217102201611,310.799080491846,24.2610578160854,32.8434204403222,"#634261"
11,3,1,300,22.5,49.4217102201611,319.864894058444,26.7548059077959,32.8434204403222,"#68405F"
11,4,1,300,22.5,49.4217102201611,327.235723920391,29.7978545943356,32.8434204403222,"#6D3E5D"
11,5,1,300,22.5,49.4217102201611,333.162760768638,33.2396814686821,32.8434204403222,"#713B5C"
11,6,1,300,22.5,49.4217102201611,337.937084834527,36.9690748640899,32.8434204403222,"#76395A"
11,7,1,300,22.5,49.4217102201611,341.8149717737,40.9074608711769,32.8434204403222,"#7A3658"
11,8,1,300,22.5,49.4217102201611,345,45,32.8434204403222,"#7E3356"
12,1,8,330,22.5,48.4217102201611,330,22.5,65,"#B794A8"
12,2,8,330,22.5,48.4217102201611,340.799080491846,24.2610578160854,65,"#BB93A4"
12,3,8,330,22.5,48.4217102201611,349.864894058444,26.7548059077959,65,"#BE92A0"
12,4,8,330,22.5,48.4217102201611,357.23572392039,29.7978545943356,65,"#C2919C"
12,5,8,330,22.5,48.4217102201611,3.16276076863805,33.2396814686821,65,"#C59097"
12,6,8,330,22.5,48.4217102201611,7.9370848345265,36.9690748640899,65,"#C88F93"
12,7,8,330,22.5,48.4217102201611,11.8149717737004,40.9074608711769,65,"#CB8E8E"
12,8,8,330,22.5,48.4217102201611,15,45,65,"#CE8D8A"
12,1,7,330,22.5,48.4217102201611,330,22.5,60.2633457771889,"#AA879C"
12,2,7,330,22.5,48.4217102201611,340.799080491846,24.2610578160854,60.2633457771889,"#AE8698"
12,3,7,330,22.5,48.4217102201611,349.864894058444,26.7548059077959,60.2633457771889,"#B28594"
12,4,7,330,22.5,48.4217102201611,357.23572392039,29.7978545943356,60.2633457771889,"#B5848F"
12,5,7,330,22.5,48.4217102201611,3.16276076863805,33.2396814686821,60.2633457771889,"#B8838B"
12,6,7,330,22.5,48.4217102201611,7.9370848345265,36.9690748640899,60.2633457771889,"#BB8286"
12,7,7,330,22.5,48.4217102201611,11.8149717737004,40.9074608711769,60.2633457771889,"#BE8182"
12,8,7,330,22.5,48.4217102201611,15,45,60.2633457771889,"#C1817D"
12,1,6,330,22.5,48.4217102201611,330,22.5,55.5266915543778,"#9E7B90"
12,2,6,330,22.5,48.4217102201611,340.799080491846,24.2610578160854,55.5266915543778,"#A27A8C"
12,3,6,330,22.5,48.4217102201611,349.864894058444,26.7548059077959,55.5266915543778,"#A57987"
12,4,6,330,22.5,48.4217102201611,357.23572392039,29.7978545943356,55.5266915543778,"#A87883"
12,5,6,330,22.5,48.4217102201611,3.16276076863805,33.2396814686821,55.5266915543778,"#AB777F"
12,6,6,330,22.5,48.4217102201611,7.9370848345265,36.9690748640899,55.5266915543778,"#AF767A"
12,7,6,330,22.5,48.4217102201611,11.8149717737004,40.9074608711769,55.5266915543778,"#B17576"
12,8,6,330,22.5,48.4217102201611,15,45,55.5266915543778,"#B47471"
12,1,5,330,22.5,48.4217102201611,330,22.5,50.7900373315667,"#926F84"
12,2,5,330,22.5,48.4217102201611,340.799080491846,24.2610578160854,50.7900373315667,"#956E7F"
12,3,5,330,22.5,48.4217102201611,349.864894058444,26.7548059077959,50.7900373315667,"#996D7B"
12,4,5,330,22.5,48.4217102201611,357.23572392039,29.7978545943356,50.7900373315667,"#9C6C77"
12,5,5,330,22.5,48.4217102201611,3.16276076863805,33.2396814686821,50.7900373315667,"#9F6B73"
12,6,5,330,22.5,48.4217102201611,7.9370848345265,36.9690748640899,50.7900373315667,"#A26A6E"
12,7,5,330,22.5,48.4217102201611,11.8149717737004,40.9074608711769,50.7900373315667,"#A56969"
12,8,5,330,22.5,48.4217102201611,15,45,50.7900373315667,"#A76864"
12,1,4,330,22.5,48.4217102201611,330,22.5,46.0533831087556,"#866378"
12,2,4,330,22.5,48.4217102201611,340.799080491846,24.2610578160854,46.0533831087556,"#896274"
12,3,4,330,22.5,48.4217102201611,349.864894058444,26.7548059077959,46.0533831087556,"#8D616F"
12,4,4,330,22.5,48.4217102201611,357.23572392039,29.7978545943356,46.0533831087556,"#90606B"
12,5,4,330,22.5,48.4217102201611,3.16276076863805,33.2396814686821,46.0533831087556,"#935F67"
12,6,4,330,22.5,48.4217102201611,7.9370848345265,36.9690748640899,46.0533831087556,"#965E62"
12,7,4,330,22.5,48.4217102201611,11.8149717737004,40.9074608711769,46.0533831087556,"#985D5D"
12,8,4,330,22.5,48.4217102201611,15,45,46.0533831087556,"#9B5C58"
12,1,3,330,22.5,48.4217102201611,330,22.5,41.3167288859445,"#7A576C"
12,2,3,330,22.5,48.4217102201611,340.799080491846,24.2610578160854,41.3167288859445,"#7E5668"
12,3,3,330,22.5,48.4217102201611,349.864894058444,26.7548059077959,41.3167288859445,"#815564"
12,4,3,330,22.5,48.4217102201611,357.23572392039,29.7978545943356,41.3167288859445,"#84545F"
12,5,3,330,22.5,48.4217102201611,3.16276076863805,33.2396814686821,41.3167288859445,"#87535B"
12,6,3,330,22.5,48.4217102201611,7.9370848345265,36.9690748640899,41.3167288859445,"#8A5256"
12,7,3,330,22.5,48.4217102201611,11.8149717737004,40.9074608711769,41.3167288859445,"#8C5151"
12,8,3,330,22.5,48.4217102201611,15,45,41.3167288859445,"#8F504C"
12,1,2,330,22.5,48.4217102201611,330,22.5,36.5800746631333,"#6F4B61"
12,2,2,330,22.5,48.4217102201611,340.799080491846,24.2610578160854,36.5800746631333,"#724A5D"
12,3,2,330,22.5,48.4217102201611,349.864894058444,26.7548059077959,36.5800746631333,"#754958"
12,4,2,330,22.5,48.4217102201611,357.23572392039,29.7978545943356,36.5800746631333,"#784854"
12,5,2,330,22.5,48.4217102201611,3.16276076863805,33.2396814686821,36.5800746631333,"#7B474F"
12,6,2,330,22.5,48.4217102201611,7.9370848345265,36.9690748640899,36.5800746631333,"#7E464B"
12,7,2,330,22.5,48.4217102201611,11.8149717737004,40.9074608711769,36.5800746631333,"#804546"
12,8,2,330,22.5,48.4217102201611,15,45,36.5800746631333,"#834440"
12,1,1,330,22.5,48.4217102201611,330,22.5,31.8434204403222,"#644056"
12,2,1,330,22.5,48.4217102201611,340.799080491846,24.2610578160854,31.8434204403222,"#673F52"
12,3,1,330,22.5,48.4217102201611,349.864894058444,26.7548059077959,31.8434204403222,"#6A3D4D"
12,4,1,330,22.5,48.4217102201611,357.23572392039,29.7978545943356,31.8434204403222,"#6D3C49"
12,5,1,330,22.5,48.4217102201611,3.16276076863805,33.2396814686821,31.8434204403222,"#703B44"
12,6,1,330,22.5,48.4217102201611,7.9370848345265,36.9690748640899,31.8434204403222,"#723A3F"
12,7,1,330,22.5,48.4217102201611,11.8149717737004,40.9074608711769,31.8434204403222,"#75393A"
12,8,1,330,22.5,48.4217102201611,15,45,31.8434204403222,"#773834"
